{
  "model_version": "v4",
  "rf_params": {
    "n_estimators": 800,
    "max_depth": 30,
    "min_samples_split": 5,
    "min_samples_leaf": 2,
    "max_features": null,
    "random_state": 42,
    "n_jobs": -1
  },
  "gnn_params": {
    "hidden_dim": 256,
    "num_layers": 3,
    "lr": 0.001,
    "dropout": 0.1,
    "batch_size": 64,
    "epochs": 200,
    "patience": 30
  },
  "data": {
    "n_total_dedup": 14099,
    "sources": {
      "AqSolDB": 9378,
      "ChEMBL": 3541,
      "ESOL": 1128,
      "Supplementary": 52
    },
    "n_rf_valid": 14097,
    "n_gnn_valid": 14097
  },
  "metrics": {
    "rf_val_r2": 0.7830221201041001,
    "rf_val_rmse": 1.1786714734554524,
    "gnn_val_r2": 0.8047312498092651,
    "gnn_val_rmse": 1.1181535078991494,
    "ensemble_val_r2": 0.7378902341782141,
    "ensemble_val_rmse": 1.2954678613985484
  }
}